{"id":"B1TaH2JgN","path":"D:\\Dropbox (Paperplane s.n.c.)\\works-nanni\\local-2018\\blank-20181213","localVersion":"2.4.6","devMode":null,"container":"5d75c04eae77db04f62982c5aed7f983ff065795efe64bfb0c89a63046fb903c","phpVersion":"7.2.0","webServer":"apache","mysqlVersion":"5.6","multiSite":null,"mysql":{"database":"local","user":"root","password":"root"},"ports":{"HTTP":4028,"HTTPS":4029,"MYSQL":4030,"MAILCATCHER":4031},"flywheelConnect":null,"name":"paperplane-blank-theme-6-0-1","domain":"paperplane-blank-theme-6-0-1.local","environment":"custom","blueprint":"_blank 2018 - 2018-11-05.zip","environmentVersion":"1.3.2","sslSHA1":"67bcbda0220c551d8d2975b9beba0edef664136b","workspace":null,"clonedImage":null,"duplicateImage":null}