{"id":"4Br75Dc3e","path":"C:\\Users\\paperplane\\Local Sites\\paperplane-blank-theme-6-0-1","localVersion":"3.3.0","workspace":null,"devMode":null,"container":"1caa49289d19122e0dfe9b76ed599ba46174a10cdc3b754f92dfe8ebaa779a24","phpVersion":"7.2.0","webServer":"apache","mysqlVersion":"5.6","multiSite":null,"mysql":{"database":"local","user":"root","password":"root"},"ports":{"HTTP":4113,"HTTPS":4114,"MYSQL":4115,"MAILCATCHER":4116},"flywheelConnect":null,"name":"paperplane-blank-theme-6-0-1","domain":"paperplane-blank-theme-6-0-1.local","environment":"custom","environmentVersion":"1.3.2","sslSHA1":"b77f8e0fc518c03a9ea2c430b892169754e56449"}